point_index,x_mm,y_mm,z_mm,rx_deg,ry_deg,rz_deg,requested_velocity_percent,requested_acceleration_percent
0,-124.605376658,81.0951088913,200.061,-179.945,-0.097,-0.268488819057,100,80
1,-125.605373923,81.0944282147,200.061,-179.945,-0.097,-0.268488819057,100,80
2,-126.586007031,81.1046011505,200.061,-179.945,-0.097,-0.229163324209,100,80
3,-127.567462778,81.1136716848,200.061,-179.945,-0.097,-0.191495222607,100,80
4,-128.549741898,81.1216950877,200.061,-179.945,-0.097,-0.155488525854,100,80
5,-129.532845398,81.1287268392,200.061,-179.945,-0.097,-0.121147546885,100,80
6,-130.516774423,81.1348227044,200.061,-179.945,-0.097,-0.0884766372343,100,80
7,-131.501530062,81.1400388088,200.061,-179.945,-0.097,-0.0574798071777,100,80
8,-132.487113216,81.1444316611,200.061,-179.945,-0.097,-0.0281604635652,100,80
9,-133.473524584,81.1480581136,200.061,-179.945,-0.097,-0.000521399774882,100,80
10,-134.460764744,81.1509752969,200.061,-179.945,-0.097,0.0254350369652,100,80
11,-135.448834229,81.1532405681,200.061,-179.945,-0.097,0.049706763639,100,80
12,-136.437733583,81.1549114803,200.061,-179.945,-0.097,0.0722918468144,100,80
13,-137.427463381,81.1560457674,200.061,-179.945,-0.097,0.0931884411574,100,80
14,-138.418024241,81.1567013363,200.061,-179.945,-0.097,0.112394761035,100,80
15,-139.409416806,81.1569362633,200.061,-179.945,-0.097,0.129909089454,100,80
16,-140.401641728,81.1568087908,200.061,-179.945,-0.097,0.145729810912,100,80
17,-141.394699645,81.1563773211,200.061,-179.945,-0.097,0.159855434413,100,80
18,-142.38859117,81.1557004075,200.061,-179.945,-0.097,0.17228460583,100,80
19,-143.383316865,81.154836745,200.061,-179.945,-0.097,0.183016149547,100,80
20,-144.378877191,81.1538451545,200.061,-179.945,-0.097,0.192049151324,100,80
21,-145.375272469,81.1527845619,200.061,-179.945,-0.097,0.199383025402,100,80
22,-146.372502881,81.1517139759,200.061,-179.945,-0.097,0.20501750159,100,80
23,-147.3705685,81.1506924734,200.061,-179.945,-0.097,0.208952543096,100,80
24,-148.369469323,81.1497791913,200.061,-179.945,-0.097,0.211188270245,100,80
25,-149.369205274,81.1490333179,200.061,-179.945,-0.097,0.211724940621,100,80
26,-150.369776185,81.1485140803,200.061,-179.945,-0.097,0.210562967702,100,80
27,-151.371181783,81.1482807314,200.061,-179.945,-0.097,0.207702938604,100,80
28,-152.373421677,81.1483925349,200.061,-179.945,-0.097,0.20314562793,100,80
29,-153.376495333,81.1489087463,200.061,-179.945,-0.097,0.196892027209,100,80
30,-154.380402052,81.1498885908,200.061,-179.945,-0.097,0.188943378516,100,80
31,-155.385140968,81.1513912467,200.061,-179.945,-0.097,0.17930116866,100,80
32,-156.39071107,81.1534758438,200.061,-179.945,-0.097,0.167967064757,100,80
33,-157.397111239,81.1562014735,200.061,-179.945,-0.097,0.154942825869,100,80
34,-158.404340275,81.1596271996,200.061,-179.945,-0.097,0.140230241157,100,80
35,-159.412396888,81.1638120582,200.061,-179.945,-0.097,0.123831119955,100,80
36,-160.421279666,81.1688150352,200.061,-179.945,-0.097,0.105747359437,100,80
37,-161.430986946,81.1746949813,200.061,-179.945,-0.097,0.0859811809905,100,80
38,-162.441516492,81.1815103606,200.061,-179.945,-0.097,0.064535781257,100,80
39,-163.452864615,81.1893185301,200.061,-179.945,-0.097,0.0414171056305,100,80
40,-164.465023766,81.1981736554,200.061,-179.945,-0.097,0.0166387555673,100,80
41,-165.477976295,81.2081210459,200.061,-179.945,-0.097,-0.00976529505713,100,80
42,-166.491680334,81.2191835835,200.061,-179.945,-0.097,-0.0377118568817,100,80
43,-167.506042628,81.2313338892,200.061,-179.945,-0.097,-0.0670129808563,100,80
44,-168.52087507,81.2444462946,200.061,-179.945,-0.097,-0.0972869424073,100,80
45,-169.535838967,81.2582288839,200.061,-179.945,-0.097,-0.127843864938,100,80
46,-170.550393836,81.2721497245,200.061,-179.945,-0.097,-0.157580192798,100,80
47,-171.563780381,81.2853892381,200.061,-179.945,-0.097,-0.184942817137,100,80
48,-172.575069907,81.2968612675,200.061,-179.945,-0.097,-0.208029321867,100,80
49,-173.583295121,81.3053345724,200.061,-179.945,-0.097,-0.224855805319,100,80
50,-174.587641456,81.3096487912,200.061,-179.945,-0.097,-0.2337500844,100,80
51,-174.186265137,80.7558571693,200.061,-179.945,-0.097,0.752821778101,100,80
52,-173.775629895,80.2075809023,200.061,-179.945,-0.097,1.7393936406,100,80
53,-173.355806593,79.6649750797,200.061,-179.945,-0.097,2.7259655031,100,80
54,-172.926868693,79.1281939869,200.061,-179.945,-0.097,3.71253736561,100,80
55,-172.488892259,78.5973910616,200.061,-179.945,-0.097,4.69910922811,100,80
56,-172.04195594,78.0727188499,200.061,-179.945,-0.097,5.68568109061,100,80
57,-171.586140967,77.5543289626,200.061,-179.945,-0.097,6.67225295311,100,80
58,-171.121531144,77.0423720314,200.061,-179.945,-0.097,7.65882481561,100,80
59,-170.648212835,76.5369976652,200.061,-179.945,-0.097,8.64539667811,100,80
60,-170.166274959,76.0383544062,200.061,-179.945,-0.097,9.63196854061,100,80
61,-169.589060708,75.5581434852,200.061,-179.945,-0.097,10.6233115113,100,80
62,-169.00383778,75.0879409707,200.061,-179.945,-0.097,11.614654482,100,80
63,-168.410779635,74.6278802442,200.061,-179.945,-0.097,12.6059974527,100,80
64,-167.810061952,74.178091682,200.061,-179.945,-0.097,13.5973404234,100,80
65,-167.201862573,73.7387026186,200.061,-179.945,-0.097,14.5886833941,100,80
66,-166.586361457,73.3098373108,200.061,-179.945,-0.097,15.5800263648,100,80
67,-165.963740621,72.8916169028,200.061,-179.945,-0.097,16.5713693355,100,80
68,-165.33418409,72.4841593917,200.061,-179.945,-0.097,17.5627123062,100,80
69,-164.697877839,72.0875795948,200.061,-179.945,-0.097,18.5540552769,100,80
70,-164.055009741,71.701989117,200.061,-179.945,-0.097,19.5453982476,100,80
71,-163.405769512,71.32749632,200.061,-179.945,-0.097,20.5367412183,100,80
72,-162.750348653,70.9642062912,200.061,-179.945,-0.097,21.528084189,100,80
73,-162.088940392,70.6122208152,200.061,-179.945,-0.097,22.5194271597,100,80
74,-161.421739632,70.2716383447,200.061,-179.945,-0.097,23.5107701304,100,80
75,-160.748942889,69.9425539737,200.061,-179.945,-0.097,24.5021131011,100,80
76,-160.070748239,69.6250594107,200.061,-179.945,-0.097,25.4934560718,100,80
77,-159.387355252,69.3192429533,200.061,-179.945,-0.097,26.4847990424,100,80
78,-158.698964941,69.025189464,200.061,-179.945,-0.097,27.4761420131,100,80
79,-158.0057797,68.7429803465,200.061,-179.945,-0.097,28.4674849838,100,80
80,-157.308003243,68.4726935237,200.061,-179.945,-0.097,29.4588279545,100,80
81,-156.605840547,68.214403416,200.061,-179.945,-0.097,30.4501709252,100,80
82,-155.899497788,67.9681809211,200.061,-179.945,-0.097,31.4415138959,100,80
83,-155.189182284,67.7340933946,200.061,-179.945,-0.097,32.4328568666,100,80
84,-154.475102435,67.5122046322,200.061,-179.945,-0.097,33.4241998373,100,80
85,-153.757467657,67.3025748515,200.061,-179.945,-0.097,34.415542808,100,80
86,-153.036488325,67.105260677,200.061,-179.945,-0.097,35.4068857787,100,80
87,-152.312375709,66.9203151241,200.061,-179.945,-0.097,36.3982287494,100,80
88,-151.585341913,66.7477875855,200.061,-179.945,-0.097,37.3895717201,100,80
89,-150.855599813,66.5877238179,200.061,-179.945,-0.097,38.3809146908,100,80
90,-150.123362996,66.4401659305,200.061,-179.945,-0.097,39.3722576615,100,80
91,-149.388845694,66.3051523737,200.061,-179.945,-0.097,40.3636006322,100,80
92,-148.652262723,66.1827179294,200.061,-179.945,-0.097,41.3549436029,100,80
93,-147.913829424,66.0728937025,200.061,-179.945,-0.097,42.3462865736,100,80
94,-147.173761593,65.9757071129,200.061,-179.945,-0.097,43.3376295443,100,80
95,-146.432275424,65.8911818894,200.061,-179.945,-0.097,44.328972515,100,80
96,-145.689587442,65.8193380637,200.061,-179.945,-0.097,45.3203154857,100,80
97,-144.945914443,65.7601919662,200.061,-179.945,-0.097,46.3116584564,100,80
98,-144.201473429,65.7137562228,200.061,-179.945,-0.097,47.3030014271,100,80
99,-143.456481542,65.6800397523,200.061,-179.945,-0.097,48.2943443978,100,80
100,-142.711156007,65.6590477656,200.061,-179.945,-0.097,49.2856873685,100,80
101,-141.965714064,65.6507817654,200.061,-179.945,-0.097,50.2770303392,100,80
102,-141.220372906,65.6552395471,200.061,-179.945,-0.097,51.2683733098,100,80
103,-140.475349616,65.6724152011,200.061,-179.945,-0.097,52.2597162805,100,80
104,-139.730861103,65.7022991157,200.061,-179.945,-0.097,53.2510592512,100,80
105,-138.98712404,65.7448779815,200.061,-179.945,-0.097,54.2424022219,100,80
106,-138.2443548,65.8001347966,200.061,-179.945,-0.097,55.2337451926,100,80
107,-137.502769395,65.8680488729,200.061,-179.945,-0.097,56.2250881633,100,80
108,-136.762583409,65.9485958437,200.061,-179.945,-0.097,57.216431134,100,80
109,-136.024011942,66.0417476721,200.061,-179.945,-0.097,58.2077741047,100,80
110,-135.287269541,66.1474726604,200.061,-179.945,-0.097,59.1991170754,100,80
111,-134.55257014,66.2657354613,200.061,-179.945,-0.097,60.1904600461,100,80
112,-133.820127001,66.3964970889,200.061,-179.945,-0.097,61.1818030168,100,80
113,-133.090152648,66.5397149317,200.061,-179.945,-0.097,62.1731459875,100,80
114,-132.362858807,66.6953427667,200.061,-179.945,-0.097,63.1644889582,100,80
115,-131.638456344,66.8633307737,200.061,-179.945,-0.097,64.1558319289,100,80
116,-130.917155207,67.0436255517,200.061,-179.945,-0.097,65.1471748996,100,80
117,-130.19916436,67.2361701354,200.061,-179.945,-0.097,66.1385178703,100,80
118,-129.484691726,67.4409040133,200.061,-179.945,-0.097,67.129860841,100,80
119,-128.773944128,67.6577631469,200.061,-179.945,-0.097,68.1212038117,100,80
120,-128.067127225,67.8866799904,200.061,-179.945,-0.097,69.1125467824,100,80
121,-127.364445456,68.1275835117,200.061,-179.945,-0.097,70.1038897531,100,80
122,-126.66610198,68.3803992146,200.061,-179.945,-0.097,71.0952327238,100,80
123,-125.972298617,68.6450491617,200.061,-179.945,-0.097,72.0865756945,100,80
124,-125.28323579,68.9214519985,200.061,-179.945,-0.097,73.0779186652,100,80
125,-124.599112467,69.2095229782,200.061,-179.945,-0.097,74.0692616359,100,80
126,-123.920126103,69.509173988,200.061,-179.945,-0.097,75.0606046066,100,80
127,-123.246472585,69.8203135756,200.061,-179.945,-0.097,76.0519475772,100,80
128,-122.578346175,70.1428469774,200.061,-179.945,-0.097,77.0432905479,100,80
129,-121.915939451,70.4766761474,200.061,-179.945,-0.097,78.0346335186,100,80
130,-121.259443257,70.8216997867,200.061,-179.945,-0.097,79.0259764893,100,80
131,-120.609046643,71.1778133747,200.061,-179.945,-0.097,80.01731946,100,80
132,-119.964936813,71.5449092001,200.061,-179.945,-0.097,81.0086624307,100,80
133,-119.327299072,71.9228763942,200.061,-179.945,-0.097,82.0000054014,100,80
134,-118.696316771,72.3116009638,200.061,-179.945,-0.097,82.9913483721,100,80
135,-118.072171256,72.710965826,200.061,-179.945,-0.097,83.9826913428,100,80
136,-117.455041815,73.1208508431,200.061,-179.945,-0.097,84.9740343135,100,80
137,-116.845105624,73.5411328589,200.061,-179.945,-0.097,85.9653772842,100,80
138,-116.242537703,73.971685736,200.061,-179.945,-0.097,86.9567202549,100,80
139,-115.647510859,74.412380393,200.061,-179.945,-0.097,87.9480632256,100,80
140,-116.353483857,74.630652529,200.061,-179.945,-0.097,88.4322671606,100,80
141,-117.337909821,74.6412225626,200.061,-179.945,-0.097,88.4579867593,100,80
142,-118.30846608,74.6609952798,200.061,-179.945,-0.097,88.5066416704,100,80
143,-119.268097451,74.6872526101,200.061,-179.945,-0.097,88.5733971214,100,80
144,-120.220284965,74.7171835271,200.061,-179.945,-0.097,88.6525277367,100,80
145,-121.168347953,74.7483582132,200.061,-179.945,-0.097,88.7385614337,100,80
146,-122.114973062,74.778981205,200.061,-179.945,-0.097,88.827056912,100,80
147,-123.062042659,74.807919071,200.061,-179.945,-0.097,88.9148920102,100,80
148,-124.010704029,74.8345791288,200.061,-179.945,-0.097,89.0001551888,100,80
149,-124.961560094,74.8587360064,200.061,-179.945,-0.097,89.0818344463,100,80
150,-125.914873963,74.8803763771,200.061,-179.945,-0.097,89.1594811326,100,80
151,-126.870727478,74.8995912555,200.061,-179.945,-0.097,89.2329483038,100,80
152,-127.829120037,74.9165145986,200.061,-179.945,-0.097,89.3022271486,100,80
153,-128.79001993,74.9312939447,200.061,-179.945,-0.097,89.367361792,100,80
154,-129.753386897,74.9440785929,200.061,-179.945,-0.097,89.4284117378,100,80
155,-130.719180628,74.9550156505,200.061,-179.945,-0.097,89.4854376368,100,80
156,-131.687363588,74.9642490287,200.061,-179.945,-0.097,89.5384964774,100,80
157,-132.657901901,74.9719193946,200.061,-179.945,-0.097,89.5876400138,100,80
158,-133.630765643,74.978164412,200.061,-179.945,-0.097,89.6329141935,100,80
159,-134.605928941,74.9831190779,200.061,-179.945,-0.097,89.6743589086,100,80
160,-135.583369932,74.9869161112,200.061,-179.945,-0.097,89.7120079749,100,80
161,-136.563070557,74.9896863794,200.061,-179.945,-0.097,89.745889417,100,80
162,-137.545016181,74.9915593264,200.061,-179.945,-0.097,89.7760260242,100,80
163,-138.529195198,74.9926633599,200.061,-179.945,-0.097,89.8024359484,100,80
164,-139.515598758,74.9931261811,200.061,-179.945,-0.097,89.8251331036,100,80
165,-140.50422065,74.9930750728,200.061,-179.945,-0.097,89.844127299,100,80
166,-141.495057305,74.9926371766,200.061,-179.945,-0.097,89.8594241776,100,80
167,-142.488107878,74.9919397777,200.061,-179.945,-0.097,89.8710250204,100,80
168,-143.483374399,74.9911106105,200.061,-179.945,-0.097,89.8789264454,100,80
169,-144.480861931,74.9902781947,200.061,-179.945,-0.097,89.8831200876,100,80
170,-145.480578654,74.989572195,200.061,-179.945,-0.097,89.8835924001,100,80
171,-146.482535841,74.9891237875,200.061,-179.945,-0.097,89.8803246409,100,80
172,-147.486747784,74.9890660245,200.061,-179.945,-0.097,89.873292937,100,80
173,-148.493231773,74.9895342046,200.061,-179.945,-0.097,89.8624682645,100,80
174,-149.502008148,74.9906662656,200.061,-179.945,-0.097,89.8478162894,100,80
175,-150.513100397,74.9926032027,200.061,-179.945,-0.097,89.8292971473,100,80
176,-151.526535233,74.9954895077,200.061,-179.945,-0.097,89.8068652381,100,80
177,-152.542342666,74.9994736279,200.061,-179.945,-0.097,89.7804690301,100,80
178,-153.560556078,75.0047084487,200.061,-179.945,-0.097,89.7500508507,100,80
179,-154.581212278,75.0113517918,200.061,-179.945,-0.097,89.7155467084,100,80
180,-155.604351445,75.0195668946,200.061,-179.945,-0.097,89.6768862891,100,80
181,-156.630016638,75.0295227171,200.061,-179.945,-0.097,89.6339936593,100,80
182,-157.658251687,75.0413934681,200.061,-179.945,-0.097,89.5867906857,100,80
183,-158.689094044,75.0553554334,200.061,-179.945,-0.097,89.5352088721,100,80
184,-159.722555253,75.0715764595,200.061,-179.945,-0.097,89.4792219552,100,80
185,-160.758576671,75.0901891523,200.061,-179.945,-0.097,89.4189200578,100,80
186,-161.796945238,75.1112345141,200.061,-179.945,-0.097,89.3546511157,100,80
187,-162.837160024,75.1345628848,200.061,-179.945,-0.097,89.2872455432,100,80
188,-163.878262389,75.1596908294,200.061,-179.945,-0.097,89.2183032,100,80
189,-164.918680942,75.1856407856,200.061,-179.945,-0.097,89.1504571321,100,80
190,-165.956180823,75.2108284817,200.061,-179.945,-0.097,89.0874632149,100,80
191,-166.988013364,75.2330883984,200.061,-179.945,-0.097,89.0339520975,100,80
192,-168.011309172,75.24990907,200.061,-179.945,-0.097,88.9947677585,100,80
193,-169.023650175,75.2588736296,200.061,-179.945,-0.097,88.9739987704,100,80
194,-170.200530235,75.4023907841,200.061,-179.945,-0.097,88.6757681954,100,80
195,-169.608314627,74.9103299266,200.061,-179.945,-0.097,89.6700161802,100,80
196,-169.007691926,74.4286096111,200.061,-179.945,-0.097,90.664264165,100,80
197,-168.398842655,73.9573734334,200.061,-179.945,-0.097,91.6585121498,100,80
198,-167.781949785,73.4967618385,200.061,-179.945,-0.097,92.6527601346,100,80
199,-167.157198686,73.0469120788,200.061,-179.945,-0.097,93.6470081193,100,80
200,-166.524777069,72.607958173,200.061,-179.945,-0.097,94.6412561041,100,80
201,-165.884874929,72.1800308661,200.061,-179.945,-0.097,95.6355040889,100,80
202,-165.237684491,71.7632575909,200.061,-179.945,-0.097,96.6297520737,100,80
203,-164.583400146,71.3577624294,200.061,-179.945,-0.097,97.6240000585,100,80
204,-163.922218401,70.9636660765,200.061,-179.945,-0.097,98.6182480433,100,80
205,-163.254337813,70.5810858038,200.061,-179.945,-0.097,99.6124960281,100,80
206,-162.579958933,70.2101354245,200.061,-179.945,-0.097,100.606744013,100,80
207,-161.899284243,69.85092526,200.061,-179.945,-0.097,101.600991998,100,80
208,-161.212518099,69.5035621067,200.061,-179.945,-0.097,102.595239982,100,80
209,-160.519866667,69.1681492045,200.061,-179.945,-0.097,103.589487967,100,80
210,-159.821537861,68.844786206,200.061,-179.945,-0.097,104.583735952,100,80
211,-159.117741282,68.5335691468,200.061,-179.945,-0.097,105.577983937,100,80
212,-158.408688155,68.2345904175,200.061,-179.945,-0.097,106.572231922,100,80
213,-157.694591264,67.9479387354,200.061,-179.945,-0.097,107.566479906,100,80
214,-156.975664888,67.6736991189,200.061,-179.945,-0.097,108.560727891,100,80
215,-156.252124741,67.4119528622,200.061,-179.945,-0.097,109.554975876,100,80
216,-155.524187901,67.1627775109,200.061,-179.945,-0.097,110.549223861,100,80
217,-154.792072751,66.9262468393,200.061,-179.945,-0.097,111.543471846,100,80
218,-154.055998907,66.7024308282,200.061,-179.945,-0.097,112.53771983,100,80
219,-153.316187158,66.4913956448,200.061,-179.945,-0.097,113.531967815,100,80
220,-152.572859397,66.2932036227,200.061,-179.945,-0.097,114.5262158,100,80
221,-151.826238554,66.1079132436,200.061,-179.945,-0.097,115.520463785,100,80
222,-151.076548531,65.93557912,200.061,-179.945,-0.097,116.51471177,100,80
223,-150.324014134,65.7762519792,200.061,-179.945,-0.097,117.508959754,100,80
224,-149.568861004,65.6299786485,200.061,-179.945,-0.097,118.503207739,100,80
225,-148.811315551,65.496802041,200.061,-179.945,-0.097,119.497455724,100,80
226,-148.051604888,65.3767611435,200.061,-179.945,-0.097,120.491703709,100,80
227,-147.289956758,65.2698910049,200.061,-179.945,-0.097,121.485951694,100,80
228,-146.526599469,65.176222726,200.061,-179.945,-0.097,122.480199678,100,80
229,-145.761761828,65.0957834503,200.061,-179.945,-0.097,123.474447663,100,80
230,-144.995673065,65.0285963565,200.061,-179.945,-0.097,124.468695648,100,80
231,-144.228562772,64.9746806515,200.061,-179.945,-0.097,125.462943633,100,80
232,-143.460660831,64.9340515651,200.061,-179.945,-0.097,126.457191618,100,80
233,-142.692197343,64.9067203454,200.061,-179.945,-0.097,127.451439602,100,80
234,-141.923402562,64.8926942565,200.061,-179.945,-0.097,128.445687587,100,80
235,-141.154506827,64.8919765756,200.061,-179.945,-0.097,129.439935572,100,80
236,-140.385740488,64.9045665931,200.061,-179.945,-0.097,130.434183557,100,80
237,-139.617333843,64.9304596125,200.061,-179.945,-0.097,131.428431542,100,80
238,-138.849517064,64.9696469526,200.061,-179.945,-0.097,132.422679526,100,80
239,-138.082520133,65.02211595,200.061,-179.945,-0.097,133.416927511,100,80
240,-137.316572766,65.0878499633,200.061,-179.945,-0.097,134.411175496,100,80
241,-136.551904352,65.1668283784,200.061,-179.945,-0.097,135.405423481,100,80
242,-135.788743881,65.259026615,200.061,-179.945,-0.097,136.399671466,100,80
243,-135.027319873,65.364416134,200.061,-179.945,-0.097,137.39391945,100,80
244,-134.267860313,65.4829644468,200.061,-179.945,-0.097,138.388167435,100,80
245,-133.510592581,65.6146351247,200.061,-179.945,-0.097,139.38241542,100,80
246,-132.755743387,65.7593878105,200.061,-179.945,-0.097,140.376663405,100,80
247,-132.003538697,65.9171782309,200.061,-179.945,-0.097,141.370911389,100,80
248,-131.254203672,66.0879582096,200.061,-179.945,-0.097,142.365159374,100,80
249,-130.507962595,66.2716756827,200.061,-179.945,-0.097,143.359407359,100,80
250,-129.765038808,66.4682747138,200.061,-179.945,-0.097,144.353655344,100,80
251,-129.025654644,66.6776955117,200.061,-179.945,-0.097,145.347903329,100,80
252,-128.290031359,66.899874448,200.061,-179.945,-0.097,146.342151313,100,80
253,-127.558389067,67.1347440771,200.061,-179.945,-0.097,147.336399298,100,80
254,-126.830946676,67.3822331559,200.061,-179.945,-0.097,148.330647283,100,80
255,-126.107921817,67.6422666661,200.061,-179.945,-0.097,149.324895268,100,80
256,-125.389530785,67.9147658365,200.061,-179.945,-0.097,150.319143253,100,80
257,-124.675988472,68.1996481669,200.061,-179.945,-0.097,151.313391237,100,80
258,-123.9675083,68.4968274535,200.061,-179.945,-0.097,152.307639222,100,80
259,-123.264302163,68.8062138142,200.061,-179.945,-0.097,153.301887207,100,80
260,-122.566580356,69.1277137168,200.061,-179.945,-0.097,154.296135192,100,80
261,-121.874551521,69.4612300062,200.061,-179.945,-0.097,155.290383177,100,80
262,-121.188422576,69.8066619347,200.061,-179.945,-0.097,156.284631161,100,80
263,-120.50839866,70.1639051916,200.061,-179.945,-0.097,157.278879146,100,80
264,-119.834683067,70.5328519355,200.061,-179.945,-0.097,158.273127131,100,80
265,-119.167477187,70.9133908263,200.061,-179.945,-0.097,159.267375116,100,80
266,-118.506980448,71.3054070589,200.061,-179.945,-0.097,160.261623101,100,80
267,-117.853390251,71.708782398,200.061,-179.945,-0.097,161.255871085,100,80
268,-117.206901916,72.1233952137,200.061,-179.945,-0.097,162.25011907,100,80
269,-116.567708623,72.549120518,200.061,-179.945,-0.097,163.244367055,100,80
270,-115.93600135,72.9858300026,200.061,-179.945,-0.097,164.23861504,100,80
271,-115.311968822,73.4333920779,200.061,-179.945,-0.097,165.232863025,100,80
272,-114.695797449,73.891671912,200.061,-179.945,-0.097,166.227111009,100,80
273,-114.087671277,74.3605314717,200.061,-179.945,-0.097,167.221358994,100,80
274,-113.647517824,74.8374888961,200.061,-179.945,-0.097,168.181557606,100,80
275,-113.21563706,75.3193781499,200.061,-179.945,-0.097,169.141756217,100,80
276,-112.792070604,75.806056587,200.061,-179.945,-0.097,170.101954829,100,80
277,-112.376857627,76.2973815525,200.061,-179.945,-0.097,171.062153441,100,80
278,-111.970034864,76.7932104244,200.061,-179.945,-0.097,172.022352052,100,80
279,-111.571636629,77.2934006548,200.061,-179.945,-0.097,172.982550664,100,80
280,-111.181694825,77.7978098113,200.061,-179.945,-0.097,173.942749276,100,80
281,-111.911681463,78.0553162716,200.061,-179.945,-0.097,174.429984254,100,80
282,-112.42120378,78.5215452077,200.061,-179.945,-0.097,175.329463282,100,80
283,-112.603575214,78.8267445095,200.061,-179.945,-0.097,175.920003108,100,80
284,-112.789105522,79.1249130212,200.061,-179.945,-0.097,176.510542935,100,80
285,-112.944753068,79.4588081489,200.061,-179.945,-0.097,177.164361602,100,80
286,-113.104229143,79.7852194046,200.061,-179.945,-0.097,177.81818027,100,80
287,-113.273040209,80.1100739184,200.061,-179.945,-0.097,178.461371455,100,80
288,-113.445514917,80.4274167568,200.061,-179.945,-0.097,179.10456264,100,80
289,-113.656721213,80.713304913,200.061,-179.945,-0.097,179.677849007,100,80
290,-113.870798983,80.9920742777,200.061,-179.945,-0.097,180.251135373,100,80
291,-114.414959334,81.4402376376,200.061,-179.945,-0.097,181.177336257,100,80
292,-115.093766085,81.753172419,200.061,-179.945,-0.097,181.839063396,100,80
293,-115.90891976,81.9294829898,200.061,-179.945,-0.097,182.223077941,100,80
294,-116.851375704,81.9819838714,200.061,-179.945,-0.097,182.342436589,100,80
295,-117.902378439,81.9350837173,200.061,-179.945,-0.097,182.234487114,100,80
296,-119.033544661,81.8218245398,200.061,-179.945,-0.097,181.959313085,100,80
297,-120.208299975,81.679300608,200.061,-179.945,-0.097,181.594672513,100,80
298,-121.38656236,81.5422505982,200.061,-179.945,-0.097,181.224566792,100,80
299,-122.532642781,81.4363601848,200.061,-179.945,-0.097,180.922393007,100,80
300,-123.623759247,81.373792871,200.061,-179.945,-0.097,180.734088726,100,80
301,-124.655168871,81.3528073044,200.061,-179.945,-0.097,180.668615875,100,80
302,-125.639112629,81.3614884889,200.061,-179.945,-0.097,180.700616205,100,80
303,-126.597988273,81.3838521946,200.061,-179.945,-0.097,180.784232995,100,80
304,-127.555170353,81.4057845832,200.061,-179.945,-0.097,180.871584499,100,80
305,-128.527655929,81.4186940314,200.061,-179.945,-0.097,180.927733775,100,80
306,-129.523038421,81.4200958938,200.061,-179.945,-0.097,180.936994895,100,80
307,-130.540694598,81.4118696293,200.061,-179.945,-0.097,180.900594358,100,80
308,-131.575246059,81.3977384317,200.061,-179.945,-0.097,180.829572433,100,80
309,-132.620077285,81.3812952718,200.061,-179.945,-0.097,180.737523224,100,80
310,-133.669567759,81.3650832588,200.061,-179.945,-0.097,180.635986978,100,80
311,-134.719827837,81.350527969,200.061,-179.945,-0.097,180.532937071,100,80
312,-135.768435511,81.3382602977,200.061,-179.945,-0.097,180.433327149,100,80
313,-136.813807793,81.3284667831,200.061,-179.945,-0.097,180.34038671,100,80
314,-137.854642233,81.3211096916,200.061,-179.945,-0.097,180.25676924,100,80
315,-138.88961563,81.3160092623,200.061,-179.945,-0.097,180.185171015,100,80
316,-139.917362465,81.3128449917,200.061,-179.945,-0.097,180.128376304,100,80
317,-140.936669426,81.3111422109,200.061,-179.945,-0.097,180.088860072,100,80
318,-141.946771995,81.3102928895,200.061,-179.945,-0.097,180.068181422,100,80
319,-142.947613512,81.3096284476,200.061,-179.945,-0.097,180.066453119,100,80
320,-143.939944536,81.3085276414,200.061,-179.945,-0.097,180.082137232,100,80
321,-144.925209267,81.3065194868,200.061,-179.945,-0.097,180.112276541,100,80
322,-145.905259424,81.3033418509,200.061,-179.945,-0.097,180.15307963,100,80
323,-146.882005642,81.2989389711,200.061,-179.945,-0.097,180.20063458,100,80
324,-147.857126424,81.293410085,200.061,-179.945,-0.097,180.251505108,100,80
325,-148.83190826,81.2869389271,200.061,-179.945,-0.097,180.303058083,100,80
326,-149.807222784,81.2797328325,200.061,-179.945,-0.097,180.353510215,100,80
327,-150.783597027,81.2719862913,200.061,-179.945,-0.097,180.401784048,100,80
328,-151.761318673,81.2638685097,200.061,-179.945,-0.097,180.447292305,100,80
329,-152.740532688,81.2555259928,200.061,-179.945,-0.097,180.489740012,100,80
330,-153.721309899,81.2470904967,200.061,-179.945,-0.097,180.528984089,100,80
331,-154.703687067,81.2386863399,200.061,-179.945,-0.097,180.564951318,100,80
332,-155.687686638,81.2304350341,200.061,-179.945,-0.097,180.597597908,100,80
333,-156.673325032,81.2224575217,200.061,-179.945,-0.097,180.626892491,100,80
334,-157.660615626,81.2148749741,200.061,-179.945,-0.097,180.652809961,100,80
335,-158.64956965,81.2078089048,200.061,-179.945,-0.097,180.675329589,100,80
336,-159.64019636,81.2013810021,200.061,-179.945,-0.097,180.694434599,100,80
337,-160.632503016,81.1957128663,200.061,-179.945,-0.097,180.710112154,100,80
338,-161.626494829,81.1909257297,200.061,-179.945,-0.097,180.722353393,100,80
339,-162.622174812,81.1871400988,200.061,-179.945,-0.097,180.731153677,100,80
340,-163.619543144,81.1844750067,200.061,-179.945,-0.097,180.736513817,100,80
341,-164.618595125,81.1830460424,200.061,-179.945,-0.097,180.738444186,100,80
342,-165.619315834,81.1829603006,200.061,-179.945,-0.097,180.736975534,100,80
343,-166.621668284,81.1843047704,200.061,-179.945,-0.097,180.732183081,100,80
344,-167.625571006,81.1871231159,200.061,-179.945,-0.097,180.724232166,100,80
345,-168.630862599,81.1913762322,200.061,-179.945,-0.097,180.713450548,100,80
346,-169.637256772,81.1968871281,200.061,-179.945,-0.097,180.700420234,100,80
347,-170.644301767,81.203281964,200.061,-179.945,-0.097,180.686060634,100,80
348,-171.651368233,81.2099532405,200.061,-179.945,-0.097,180.671653905,100,80
349,-172.657691208,81.2160790814,200.061,-179.945,-0.097,180.65875994,100,80
350,-173.662477583,81.2207232548,200.061,-179.945,-0.097,180.64899735,100,80
351,-174.665061578,81.2230102438,200.061,-179.945,-0.097,180.643725733,100,80
352,-174.193006146,80.664253568,200.061,-179.945,-0.097,181.633881506,100,80
353,-173.711565578,80.1134193549,200.061,-179.945,-0.097,182.624037279,100,80
354,-173.22087265,79.5706651931,200.061,-179.945,-0.097,183.614193052,100,80
355,-172.721062783,79.0361464494,200.061,-179.945,-0.097,184.604348826,100,80
356,-172.212274004,78.5100162245,200.061,-179.945,-0.097,185.594504599,100,80
357,-171.694646912,77.9924253088,200.061,-179.945,-0.097,186.584660372,100,80
358,-171.168324637,77.4835221399,200.061,-179.945,-0.097,187.574816145,100,80
359,-170.633452802,76.9834527593,200.061,-179.945,-0.097,188.564971918,100,80
360,-170.090179483,76.4923607714,200.061,-179.945,-0.097,189.555127692,100,80
361,-169.538655165,76.0103873017,200.061,-179.945,-0.097,190.545283465,100,80
362,-168.979032706,75.5376709565,200.061,-179.945,-0.097,191.535439238,100,80
363,-168.411467291,75.0743477833,200.061,-179.945,-0.097,192.525595011,100,80
364,-167.83611639,74.6205512314,200.061,-179.945,-0.097,193.515750784,100,80
365,-167.253139716,74.1764121137,200.061,-179.945,-0.097,194.505906558,100,80
366,-166.662699177,73.742058569,200.061,-179.945,-0.097,195.496062331,100,80
367,-166.064958839,73.317616025,200.061,-179.945,-0.097,196.486218104,100,80
368,-165.46008487,72.9032071622,200.061,-179.945,-0.097,197.476373877,100,80
369,-164.848245505,72.4989518785,200.061,-179.945,-0.097,198.46652965,100,80
370,-164.22961099,72.1049672545,200.061,-179.945,-0.097,199.456685423,100,80
371,-163.604353543,71.7213675197,200.061,-179.945,-0.097,200.446841197,100,80
372,-162.972647299,71.3482640191,200.061,-179.945,-0.097,201.43699697,100,80
373,-162.334668267,70.9857651816,200.061,-179.945,-0.097,202.427152743,100,80
374,-161.69059428,70.6339764875,200.061,-179.945,-0.097,203.417308516,100,80
375,-161.040604943,70.2930004389,200.061,-179.945,-0.097,204.407464289,100,80
376,-160.384881588,69.9629365291,200.061,-179.945,-0.097,205.397620063,100,80
377,-159.723607219,69.6438812138,200.061,-179.945,-0.097,206.387775836,100,80
378,-159.056966464,69.3359278831,200.061,-179.945,-0.097,207.377931609,100,80
379,-158.385145522,69.039166834,200.061,-179.945,-0.097,208.368087382,100,80
380,-157.708332113,68.7536852438,200.061,-179.945,-0.097,209.358243155,100,80
381,-157.026715424,68.479567145,200.061,-179.945,-0.097,210.348398928,100,80
382,-156.340486059,68.2168933998,200.061,-179.945,-0.097,211.338554702,100,80
383,-155.649835981,67.9657416771,200.061,-179.945,-0.097,212.328710475,100,80
384,-154.954958465,67.7261864288,200.061,-179.945,-0.097,213.318866248,100,80
385,-154.256048039,67.4982988683,200.061,-179.945,-0.097,214.309022021,100,80
386,-153.541796611,67.2969380506,200.061,-179.945,-0.097,215.300567242,100,80
387,-152.824420208,67.1077701823,200.061,-179.945,-0.097,216.292112463,100,80
388,-152.104126845,66.9308431731,200.061,-179.945,-0.097,217.283657683,100,80
389,-151.38112526,66.7662013866,200.061,-179.945,-0.097,218.275202904,100,80
390,-150.655624852,66.6138856291,200.061,-179.945,-0.097,219.266748125,100,80
391,-149.927835626,66.4739331398,200.061,-179.945,-0.097,220.258293345,100,80
392,-149.197968126,66.3463775829,200.061,-179.945,-0.097,221.249838566,100,80
393,-148.466233376,66.231249039,200.061,-179.945,-0.097,222.241383787,100,80
394,-147.732842823,66.1285739993,200.061,-179.945,-0.097,223.232929008,100,80
395,-146.998008269,66.0383753598,200.061,-179.945,-0.097,224.224474228,100,80
396,-146.261941818,65.9606724165,200.061,-179.945,-0.097,225.216019449,100,80
397,-145.524855807,65.8954808626,200.061,-179.945,-0.097,226.20756467,100,80
398,-144.786962749,65.8428127853,200.061,-179.945,-0.097,227.199109891,100,80
399,-144.048475273,65.802676665,200.061,-179.945,-0.097,228.190655111,100,80
400,-143.30960606,65.7750773747,200.061,-179.945,-0.097,229.182200332,100,80
401,-142.570567783,65.7600161807,200.061,-179.945,-0.097,230.173745553,100,80
402,-141.831573046,65.7574907442,200.061,-179.945,-0.097,231.165290773,100,80
403,-141.092834321,65.7674951243,200.061,-179.945,-0.097,232.156835994,100,80
404,-140.354563891,65.7900197817,200.061,-179.945,-0.097,233.148381215,100,80
405,-139.616973787,65.8250515834,200.061,-179.945,-0.097,234.139926436,100,80
406,-138.880275725,65.8725738086,200.061,-179.945,-0.097,235.131471656,100,80
407,-138.144681049,65.9325661557,200.061,-179.945,-0.097,236.123016877,100,80
408,-137.410400669,66.0050047499,200.061,-179.945,-0.097,237.114562098,100,80
409,-136.677645,66.0898621526,200.061,-179.945,-0.097,238.106107318,100,80
410,-135.946623901,66.1871073707,200.061,-179.945,-0.097,239.097652539,100,80
411,-135.21754662,66.2967058683,200.061,-179.945,-0.097,240.08919776,100,80
412,-134.490621727,66.4186195778,200.061,-179.945,-0.097,241.080742981,100,80
413,-133.766057061,66.5528069139,200.061,-179.945,-0.097,242.072288201,100,80
414,-133.044059665,66.6992227865,200.061,-179.945,-0.097,243.063833422,100,80
415,-132.324835731,66.8578186164,200.061,-179.945,-0.097,244.055378643,100,80
416,-131.608590542,67.0285423511,200.061,-179.945,-0.097,245.046923863,100,80
417,-130.895528409,67.2113384817,200.061,-179.945,-0.097,246.038469084,100,80
418,-130.185852616,67.4061480607,200.061,-179.945,-0.097,247.030014305,100,80
419,-129.479765363,67.6129087212,200.061,-179.945,-0.097,248.021559526,100,80
420,-128.777467704,67.8315546965,200.061,-179.945,-0.097,249.013104746,100,80
421,-128.079159498,68.0620168412,200.061,-179.945,-0.097,250.004649967,100,80
422,-127.385039343,68.3042226528,200.061,-179.945,-0.097,250.996195188,100,80
423,-126.695304526,68.5580962946,200.061,-179.945,-0.097,251.987740409,100,80
424,-126.010150964,68.8235586193,200.061,-179.945,-0.097,252.979285629,100,80
425,-125.329773152,69.1005271938,200.061,-179.945,-0.097,253.97083085,100,80
426,-124.654364104,69.3889163244,200.061,-179.945,-0.097,254.962376071,100,80
427,-123.984115299,69.6886370839,200.061,-179.945,-0.097,255.953921291,100,80
428,-123.31921663,69.9995973382,200.061,-179.945,-0.097,256.945466512,100,80
429,-122.659856347,70.3217017754,200.061,-179.945,-0.097,257.937011733,100,80
430,-122.006221005,70.6548519344,200.061,-179.945,-0.097,258.928556954,100,80
431,-121.358495413,70.9989462353,200.061,-179.945,-0.097,259.920102174,100,80
432,-120.716862579,71.3538800103,200.061,-179.945,-0.097,260.911647395,100,80
433,-120.081503661,71.7195455355,200.061,-179.945,-0.097,261.903192616,100,80
434,-119.452597914,72.0958320636,200.061,-179.945,-0.097,262.894737836,100,80
435,-118.830322642,72.4826258573,200.061,-179.945,-0.097,263.886283057,100,80
436,-118.214853145,72.8798102241,200.061,-179.945,-0.097,264.877828278,100,80
437,-117.606362673,73.2872655511,200.061,-179.945,-0.097,265.869373499,100,80
438,-117.005022377,73.7048693408,200.061,-179.945,-0.097,266.860918719,100,80
439,-116.411001257,74.1324962489,200.061,-179.945,-0.097,267.85246394,100,80
440,-117.440399349,74.1109440195,200.061,-179.945,-0.097,267.804597894,100,80
441,-118.434328064,74.1143968473,200.061,-179.945,-0.097,267.814477587,100,80
442,-119.421531378,74.1220702792,200.061,-179.945,-0.097,267.835305824,100,80
443,-120.400873373,74.1343023399,200.061,-179.945,-0.097,267.868938524,100,80
444,-121.371013051,74.1514664195,200.061,-179.945,-0.097,267.91757223,100,80
445,-122.33067741,74.1737963909,200.061,-179.945,-0.097,267.983301751,100,80
446,-123.278848558,74.2012957069,200.061,-179.945,-0.097,268.067816747,100,80
447,-124.214834561,74.2337307357,200.061,-179.945,-0.097,268.172286162,100,80
448,-125.13824472,74.2706788188,200.061,-179.945,-0.097,268.29739709,100,80
449,-126.048915122,74.3115946766,200.061,-179.945,-0.097,268.443473997,100,80
450,-126.946827525,74.3558690447,200.061,-179.945,-0.097,268.610608734,100,80
451,-127.832046661,74.4028687319,200.061,-179.945,-0.097,268.798760734,100,80
452,-128.704683837,74.4519582957,200.061,-179.945,-0.097,269.007814551,100,80
453,-129.564889229,74.5025066116,200.061,-179.945,-0.097,269.237590594,100,80
454,-130.412887748,74.5538774418,200.061,-179.945,-0.097,269.487784253,100,80
455,-131.249106419,74.6053945881,200.061,-179.945,-0.097,269.75775362,100,80
456,-132.074489571,74.6562650223,200.061,-179.945,-0.097,270.045995202,100,80
457,-132.891132884,74.7054483174,200.061,-179.945,-0.097,270.34908759,100,80
458,-133.703321435,74.7514922859,200.061,-179.945,-0.097,270.659957149,100,80
459,-134.518846038,74.7924186882,200.061,-179.945,-0.097,270.965670169,100,80
460,-135.350082544,74.8258145623,200.061,-179.945,-0.097,271.245610984,100,80
461,-136.21392381,74.8492977216,200.061,-179.945,-0.097,271.471577876,100,80
462,-137.129624658,74.8613965586,200.061,-179.945,-0.097,271.611388285,100,80
463,-138.114296422,74.8625905414,200.061,-179.945,-0.097,271.636441281,100,80
464,-139.177096347,74.855930999,200.061,-179.945,-0.097,271.531457573,100,80
465,-140.314420383,74.8466063806,200.061,-179.945,-0.097,271.302485845,100,80
466,-141.50865634,74.8402939499,200.061,-179.945,-0.097,270.978902867,100,80
467,-142.731748302,74.8409843533,200.061,-179.945,-0.097,270.607401583,100,80
468,-143.952467166,74.8494974311,200.061,-179.945,-0.097,270.239892265,100,80
469,-145.144317974,74.8635349664,200.061,-179.945,-0.097,269.9204118,100,80
470,-146.290804665,74.8790739795,200.061,-179.945,-0.097,269.676411896,100,80
471,-147.386427891,74.892101773,200.061,-179.945,-0.097,269.517084307,100,80
472,-148.434066722,74.8997388224,200.061,-179.945,-0.097,269.437673194,100,80
473,-149.440810176,74.9004429757,200.061,-179.945,-0.097,269.42638429,100,80
474,-150.414281852,74.8935881717,200.061,-179.945,-0.097,269.470500992,100,80
475,-151.360515152,74.8788936368,200.061,-179.945,-0.097,269.55993058,100,80
476,-152.283360651,74.8560212652,200.061,-179.945,-0.097,269.688196159,100,80
477,-153.184822775,74.8244162107,200.061,-179.945,-0.097,269.851874447,100,80
478,-154.065690165,74.7833151864,200.061,-179.945,-0.097,270.049540669,100,80
479,-154.926079467,74.7318181832,200.061,-179.945,-0.097,270.280856763,100,80
480,-155.765779787,74.6689580093,200.061,-179.945,-0.097,270.545992034,100,80
481,-156.584439341,74.5937501557,200.061,-179.945,-0.097,270.845307328,100,80
482,-157.381688832,74.5052384748,200.061,-179.945,-0.097,271.179146031,100,80
483,-158.157308453,74.4025741832,200.061,-179.945,-0.097,271.547556632,100,80
484,-158.911559073,74.285187399,200.061,-179.945,-0.097,271.949753327,100,80
485,-159.645807448,74.153128672,200.061,-179.945,-0.097,272.383112706,100,80
486,-160.363530066,74.007646567,200.061,-179.945,-0.097,272.841587031,100,80
487,-161.071617273,73.8519876725,200.061,-179.945,-0.097,273.31368422,100,80
488,-161.781607723,73.6922432125,200.061,-179.945,-0.097,273.780624627,100,80
489,-162.510173929,73.537877544,200.061,-179.945,-0.097,274.215740812,100,80
490,-163.278090293,73.4014883815,200.061,-179.945,-0.097,274.58626283,100,80
491,-164.107282088,73.297493631,200.061,-179.945,-0.097,274.857999458,100,80
492,-165.016384938,73.239821369,200.061,-179.945,-0.097,275.002147798,100,80
493,-164.900221357,72.9577327419,200.061,-179.945,-0.097,275.713065702,100,80
494,-164.780640849,72.6729719121,200.061,-179.945,-0.097,276.423983606,100,80
495,-164.657559207,72.385580879,200.061,-179.945,-0.097,277.13490151,100,80
496,-164.019789574,71.9999237168,200.061,-179.945,-0.097,278.12877046,100,80
497,-163.375634461,71.6252767434,200.061,-179.945,-0.097,279.12263941,100,80
498,-162.725283862,71.2617454708,200.061,-179.945,-0.097,280.116508361,100,80
499,-162.06892951,70.9094321336,200.061,-179.945,-0.097,281.110377311,100,80
500,-161.406764822,70.5684356608,200.061,-179.945,-0.097,282.104246262,100,80
501,-160.738984842,70.2388516481,200.061,-179.945,-0.097,283.098115212,100,80
502,-160.065786179,69.9207723308,200.061,-179.945,-0.097,284.091984162,100,80
503,-159.387366958,69.6142865589,200.061,-179.945,-0.097,285.085853113,100,80
504,-158.703926752,69.3194797717,200.061,-179.945,-0.097,286.079722063,100,80
505,-158.01566653,69.0364339745,200.061,-179.945,-0.097,287.073591013,100,80
506,-157.322788597,68.7652277159,200.061,-179.945,-0.097,288.067459964,100,80
507,-156.625496529,68.5059360661,200.061,-179.945,-0.097,289.061328914,100,80
508,-155.923995123,68.2586305963,200.061,-179.945,-0.097,290.055197864,100,80
509,-155.218490328,68.0233793593,200.061,-179.945,-0.097,291.049066815,100,80
510,-154.509189189,67.8002468705,200.061,-179.945,-0.097,292.042935765,100,80
511,-153.796299785,67.5892940906,200.061,-179.945,-0.097,293.036804715,100,80
512,-153.080031169,67.3905784095,200.061,-179.945,-0.097,294.030673666,100,80
513,-152.360593306,67.20415363,200.061,-179.945,-0.097,295.024542616,100,80
514,-151.63819701,67.0300699544,200.061,-179.945,-0.097,296.018411567,100,80
515,-150.913053887,66.8683739704,200.061,-179.945,-0.097,297.012280517,100,80
516,-150.185376266,66.7191086391,200.061,-179.945,-0.097,298.006149467,100,80
517,-149.455377144,66.582313284,200.061,-179.945,-0.097,299.000018418,100,80
518,-148.723270119,66.4580235803,200.061,-179.945,-0.097,299.993887368,100,80
519,-147.989269329,66.3462715466,200.061,-179.945,-0.097,300.987756318,100,80
520,-147.25358939,66.2470855361,200.061,-179.945,-0.097,301.981625269,100,80
521,-146.516445332,66.1604902301,200.061,-179.945,-0.097,302.975494219,100,80
522,-145.778052538,66.0865066321,200.061,-179.945,-0.097,303.969363169,100,80
523,-145.038626678,66.0251520629,200.061,-179.945,-0.097,304.96323212,100,80
524,-144.298383651,65.9764401567,200.061,-179.945,-0.097,305.95710107,100,80
525,-143.557539517,65.940380859,200.061,-179.945,-0.097,306.950970021,100,80
526,-142.816310437,65.9169804244,200.061,-179.945,-0.097,307.944838971,100,80
527,-142.074912608,65.9062414166,200.061,-179.945,-0.097,308.938707921,100,80
528,-141.333562204,65.9081627084,200.061,-179.945,-0.097,309.932576872,100,80
529,-140.592475307,65.9227394842,200.061,-179.945,-0.097,310.926445822,100,80
530,-139.851867849,65.9499632417,200.061,-179.945,-0.097,311.920314772,100,80
531,-139.111955547,65.9898217967,200.061,-179.945,-0.097,312.914183723,100,80
532,-138.37295384,66.0422992872,200.061,-179.945,-0.097,313.908052673,100,80
533,-137.635077828,66.1073761797,200.061,-179.945,-0.097,314.901921623,100,80
534,-136.898542208,66.1850292761,200.061,-179.945,-0.097,315.895790574,100,80
535,-136.163561212,66.2752317218,200.061,-179.945,-0.097,316.889659524,100,80
536,-135.430348545,66.3779530151,200.061,-179.945,-0.097,317.883528475,100,80
537,-134.699117323,66.4931590166,200.061,-179.945,-0.097,318.877397425,100,80
538,-133.97008001,66.6208119614,200.061,-179.945,-0.097,319.871266375,100,80
539,-133.243448358,66.7608704709,200.061,-179.945,-0.097,320.865135326,100,80
540,-132.519433344,66.9132895659,200.061,-179.945,-0.097,321.859004276,100,80
541,-131.798245111,67.0780206817,200.061,-179.945,-0.097,322.852873226,100,80
542,-131.080092904,67.2550116828,200.061,-179.945,-0.097,323.846742177,100,80
543,-130.365185013,67.4442068799,200.061,-179.945,-0.097,324.840611127,100,80
544,-129.65372871,67.645547047,200.061,-179.945,-0.097,325.834480077,100,80
545,-128.945930188,67.8589694402,200.061,-179.945,-0.097,326.828349028,100,80
546,-128.241994506,68.0844078171,200.061,-179.945,-0.097,327.822217978,100,80
547,-127.542125524,68.3217924571,200.061,-179.945,-0.097,328.816086928,100,80
548,-126.846525849,68.5710501837,200.061,-179.945,-0.097,329.809955879,100,80
549,-126.155396774,68.8321043861,200.061,-179.945,-0.097,330.803824829,100,80
550,-125.468938219,69.1048750432,200.061,-179.945,-0.097,331.79769378,100,80
551,-124.787348674,69.3892787485,200.061,-179.945,-0.097,332.79156273,100,80
552,-124.110825144,69.6852287347,200.061,-179.945,-0.097,333.78543168,100,80
553,-123.439563089,69.9926349009,200.061,-179.945,-0.097,334.779300631,100,80
554,-122.773756369,70.3114038398,200.061,-179.945,-0.097,335.773169581,100,80
555,-122.113597187,70.6414388661,200.061,-179.945,-0.097,336.767038531,100,80
556,-121.459276037,70.9826400456,200.061,-179.945,-0.097,337.760907482,100,80
557,-120.810981644,71.3349042259,200.061,-179.945,-0.097,338.754776432,100,80
558,-120.168900914,71.6981250672,200.061,-179.945,-0.097,339.748645382,100,80
559,-119.533218878,72.0721930744,200.061,-179.945,-0.097,340.742514333,100,80
560,-118.961398085,72.4602980711,200.061,-179.945,-0.097,341.704382678,100,80
561,-118.396428263,72.8571016521,200.061,-179.945,-0.097,342.666251023,100,80
562,-117.838440232,73.2624834185,200.061,-179.945,-0.097,343.628119368,100,80
563,-117.287562707,73.6763210316,200.061,-179.945,-0.097,344.589987713,100,80
564,-116.743922266,74.0984902499,200.061,-179.945,-0.097,345.551856058,100,80
565,-116.207643326,74.5288649663,200.061,-179.945,-0.097,346.513724403,100,80
566,-115.678848111,74.9673172457,200.061,-179.945,-0.097,347.475592748,100,80
567,-115.15765663,75.4137173625,200.061,-179.945,-0.097,348.437461092,100,80
568,-114.644186649,75.8679338395,200.061,-179.945,-0.097,349.399329437,100,80
569,-114.138553667,76.3298334861,200.061,-179.945,-0.097,350.361197782,100,80
570,-113.640870893,76.7992814376,200.061,-179.945,-0.097,351.323066127,100,80
571,-113.151249218,77.2761411943,200.061,-179.945,-0.097,352.284934472,100,80
572,-112.669797196,77.7602746611,200.061,-179.945,-0.097,353.246802817,100,80
573,-112.196621022,78.2515421879,200.061,-179.945,-0.097,354.208671162,100,80
574,-111.731824508,78.7498026094,200.061,-179.945,-0.097,355.170539507,100,80
575,-111.275509062,79.2549132858,200.061,-179.945,-0.097,356.132407852,100,80
576,-110.827773669,79.7667301436,200.061,-179.945,-0.097,357.094276197,100,80
577,-110.388714874,80.2851077169,200.061,-179.945,-0.097,358.056144542,100,80
578,-109.958426756,80.8098991884,200.061,-179.945,-0.097,359.018012887,100,80
579,-110.951041142,80.8173669241,200.061,-179.945,-0.097,359.032855696,100,80
580,-111.937027653,80.8316685669,200.061,-179.945,-0.097,359.061033101,100,80
581,-112.917697294,80.8510000919,200.061,-179.945,-0.097,359.099925604,100,80
582,-113.894601279,80.8734535303,200.061,-179.945,-0.097,359.146429272,100,80
583,-114.869221631,80.8973442569,200.061,-179.945,-0.097,359.19757299,100,80
584,-115.842762661,80.9213944358,200.061,-179.945,-0.097,359.250936948,100,80
585,-116.816075172,80.944763933,200.061,-179.945,-0.097,359.304807002,100,80
586,-117.789687091,80.9669771089,200.061,-179.945,-0.097,359.358115737,100,80
587,-118.763887449,80.9878102651,200.061,-179.945,-0.097,359.41027555,100,80
588,-119.738816089,81.007188286,200.061,-179.945,-0.097,359.460999203,100,80
589,-120.714532865,81.0251117838,200.061,-179.945,-0.097,359.510160935,100,80
590,-121.691060514,81.0416149998,200.061,-179.945,-0.097,359.557710189,100,80
591,-122.668406774,81.0567453587,200.061,-179.945,-0.097,359.603627031,100,80
592,-123.646574041,81.0705550104,200.061,-179.945,-0.097,359.647902649,100,80
593,-124.625563008,81.0830977898,200.061,-179.945,-0.097,359.690531983,100,80
594,-125.605373923,81.0944282147,200.061,-179.945,-0.097,359.731511181,100,80
595,-126.586007031,81.1046011505,200.061,-179.945,-0.097,359.770836676,100,80
596,-127.567462778,81.1136716848,200.061,-179.945,-0.097,359.808504777,100,80
597,-128.549741898,81.1216950877,200.061,-179.945,-0.097,359.844511474,100,80
598,-129.532845398,81.1287268392,200.061,-179.945,-0.097,359.878852453,100,80
599,-130.516774423,81.1348227044,200.061,-179.945,-0.097,359.911523363,100,80
600,-131.501530062,81.1400388088,200.061,-179.945,-0.097,359.942520193,100,80
601,-132.487113216,81.1444316611,200.061,-179.945,-0.097,359.971839536,100,80
602,-133.473524584,81.1480581136,200.061,-179.945,-0.097,359.9994786,100,80
603,-134.460764744,81.1509752969,200.061,-179.945,-0.097,360.025435037,100,80
604,-134.448852776,81.1539211204,200.061,-179.945,-0.097,360.049705826,100,80
605,-233.692718742,51.1539211204,200.061,-179.945,-0.097,360.049705826,100,80
